,serviceCharge,picturecount,pricetrend,telekomUploadSpeed,totalRent,yearConstructed,scoutId,noParkSpaces,yearConstructedRange,baseRent,livingSpace,baseRentRange,geo_plz,noRooms,thermalChar,floor,numberOfFloors,noRoomsRange,livingSpaceRange,lastRefurbish,americanArea,condition_num,newlyConst_num,balcony_num,hasKitchen_num,cellar_num,lift_num,garden_num,heatingType_num,interiorQual_num
0,235.0,8,5.13,40.0,930.0,1978.0,110401882,1.0,3.0,695.0,100.0,5,48157,2.0,162.0,1.0,3.0,2,4,2017.0,1076.39,0,0,1,0,1,0,0,15,13
1,180.0,18,4.98,40.0,1190.0,2018.0,113246709,1.0,9.0,1010.0,87.56,7,48167,3.0,14.0,1.0,1.0,3,4,2017.0,942.487084,6,1,1,0,1,1,1,9,13
2,140.0,6,6.67,40.0,809.0,1974.0,106998808,1.0,3.0,669.0,76.75,5,48159,3.0,201.0,1.0,11.0,3,3,2017.0,826.129325,2,0,1,0,1,1,0,11,6
3,180.0,1,6.93,10.0,911.5,1870.0,107382376,1.0,1.0,731.5,77.0,5,48151,2.0,97.3,1.0,3.0,2,3,2013.0,828.8203,2,0,0,0,1,0,0,30,6
4,170.0,19,6.81,40.0,1160.0,2018.0,107298660,1.0,9.0,990.0,85.0,6,48155,3.0,97.3,1.0,3.0,3,4,2017.0,914.9315,5,1,1,0,0,0,0,15,13
5,160.0,28,5.76,40.0,820.0,1968.0,111158701,1.0,2.0,660.0,75.0,5,48161,2.0,192.7,2.0,3.0,2,3,2017.0,807.2925,2,0,0,0,0,0,0,15,13
6,160.0,12,5.41,40.0,1260.0,2005.0,105927383,1.0,6.0,1100.0,134.0,7,48161,4.0,111.16,1.0,2.0,4,6,2017.0,1442.3626,0,0,1,0,0,0,0,15,13
7,100.0,12,4.73,40.0,1090.0,1968.0,115198859,1.0,2.0,990.0,120.0,6,48165,3.0,97.3,1.0,3.0,3,5,2010.0,1291.668,0,0,1,1,1,0,0,16,13
8,120.0,10,5.64,40.0,772.0,1975.0,111394140,1.0,3.0,652.0,72.54,5,48163,3.0,171.0,1.0,3.0,3,3,2017.0,780.813306,2,0,0,0,0,0,0,15,13
9,350.0,37,4.53,40.0,2030.0,2011.0,93600611,1.0,8.0,1680.0,138.0,8,48145,4.0,42.0,4.0,5.0,4,6,2017.0,1485.4181999999998,5,0,1,0,1,1,0,16,6
10,100.0,19,5.71,40.0,1050.0,1995.0,111307240,1.0,5.0,950.0,81.4,6,48167,3.0,97.3,1.0,3.0,3,4,2017.0,876.18146,6,0,1,1,1,1,1,15,13
11,170.0,6,4.66,40.0,995.0,1995.0,113844012,1.0,5.0,825.0,98.0,6,48159,4.0,97.3,1.0,2.0,4,4,2017.0,1054.8622,2,0,1,0,0,0,0,15,13
12,185.0,12,5.18,40.0,1073.0,1976.0,115472350,1.0,3.0,888.0,74.0,6,48153,2.0,163.7,1.0,3.0,2,3,2017.0,796.5286,0,0,1,0,1,0,1,11,13
13,140.0,9,4.74,40.0,910.0,2019.0,115198854,1.0,9.0,770.0,52.0,5,48165,2.0,40.6,1.0,3.0,2,2,2017.0,559.7228,6,1,1,0,0,1,0,15,13
14,170.0,13,4.98,40.0,1067.0,2018.0,113798410,1.0,9.0,897.0,78.0,6,48167,2.5,14.0,2.0,3.0,2,3,2017.0,839.5842,6,1,1,0,1,1,1,9,13
15,95.0,4,6.57,10.0,510.0,1972.0,111391562,1.0,3.0,415.0,32.0,3,48151,1.0,144.5,3.0,3.0,1,1,2017.0,344.4448,2,0,0,1,0,1,0,15,6
16,120.0,6,4.92,40.0,1100.0,1966.0,115658402,1.0,2.0,980.0,79.0,6,48151,3.0,146.5,3.0,3.0,3,3,2017.0,850.3480999999999,5,0,0,0,0,0,0,30,13
17,68.5,5,4.92,40.0,377.5,1984.0,113865987,1.0,4.0,309.0,28.0,2,48165,1.0,124.3,3.0,3.0,1,1,2017.0,301.3892,2,0,0,1,0,0,0,15,13
18,150.0,11,4.58,40.0,1400.0,2017.0,114834754,1.0,9.0,1250.0,116.0,7,48165,3.0,36.0,3.0,4.0,3,5,2017.0,1248.6124,5,0,1,0,1,1,0,29,13
19,234.0,4,6.12,40.0,3069.0,2018.0,110418665,1.0,9.0,2835.0,195.0,9,48153,4.0,97.3,1.0,5.0,4,7,2017.0,2098.9605,6,1,1,0,0,1,0,15,13
20,100.0,7,4.47,2.4,500.0,1995.0,115638872,1.0,5.0,400.0,31.0,2,48161,1.0,97.3,1.0,3.0,1,1,2020.0,333.6809,2,0,0,1,0,0,0,15,13
21,290.0,15,6.29,2.4,1760.0,2001.0,111395696,1.0,6.0,1470.0,122.5,7,48151,4.0,80.3,1.0,3.0,4,6,2017.0,1318.57775,2,0,1,1,1,0,0,15,13
22,80.0,12,6.25,40.0,743.0,2003.0,106535548,1.0,6.0,663.0,78.0,5,48165,3.0,77.0,1.0,3.0,3,3,2017.0,839.5842,2,0,0,0,0,0,0,15,13
23,80.0,9,4.26,40.0,440.0,1969.0,115651109,1.0,2.0,360.0,21.0,2,48161,1.0,97.3,1.0,3.0,1,1,2017.0,226.0419,1,0,0,0,1,0,0,15,13
25,50.0,1,6.49,10.0,500.0,1956.0,73718243,1.0,2.0,450.0,42.0,3,48145,1.5,95.9,1.0,3.0,1,2,2006.0,452.0838,0,0,0,0,0,0,1,30,6
26,129.0,3,5.95,40.0,418.0,1974.0,114243776,1.0,3.0,289.0,24.0,1,48159,1.0,139.1,1.0,7.0,1,1,2017.0,258.3336,0,0,0,0,0,0,0,15,13
27,300.0,17,5.0,40.0,2800.0,1948.0,113737537,1.0,1.0,2500.0,172.0,9,48143,4.0,99.0,3.0,3.0,4,7,2017.0,1851.3908,6,0,1,0,1,1,0,15,13
28,200.0,4,4.98,40.0,975.0,2019.0,110679221,1.0,9.0,775.0,78.0,5,48165,2.0,41.0,1.0,3.0,2,3,2017.0,839.5842,6,1,1,0,1,0,0,15,13
29,160.0,24,5.95,40.0,1210.0,1995.0,106896896,1.0,5.0,1050.0,116.0,7,48163,3.0,95.5,1.0,3.0,3,5,2017.0,1248.6124,2,0,1,1,1,0,0,11,13
30,220.0,6,4.86,40.0,915.0,1965.0,113542341,1.0,2.0,695.0,95.0,5,48161,4.0,193.0,1.0,3.0,4,4,2017.0,1022.5705,2,0,1,0,1,0,0,15,13
31,115.0,4,6.49,40.0,459.0,1974.0,109622089,1.0,3.0,344.0,32.09,2,48159,1.0,201.0,3.0,7.0,1,1,2017.0,345.41355100000004,0,0,1,1,0,1,0,15,6
32,180.0,13,4.98,40.0,1215.0,2018.0,113246595,1.0,9.0,1035.0,89.84,7,48167,3.0,14.0,1.0,1.0,3,4,2017.0,967.028776,6,1,1,0,1,1,1,9,13
33,210.0,8,5.79,40.0,899.0,1974.0,114504125,1.0,3.0,689.0,80.0,5,48159,3.0,201.0,1.0,2.0,3,3,2017.0,861.112,0,0,0,0,0,0,0,15,13
34,98.0,5,6.49,40.0,383.0,1974.0,109355257,1.0,3.0,285.0,23.77,1,48159,1.0,63.0,7.0,7.0,1,1,2017.0,255.857903,0,0,0,1,0,1,0,15,6
35,150.0,8,2.56,40.0,860.0,1999.0,83892135,1.0,5.0,710.0,82.0,5,48165,3.0,65.0,0.0,3.0,3,4,2015.0,882.6397999999999,5,0,1,0,1,0,1,15,13
36,140.0,3,5.0,40.0,925.0,2019.0,112850734,1.0,9.0,785.0,53.0,5,48165,2.0,40.6,1.0,3.0,2,2,2017.0,570.4866999999999,6,1,1,0,0,1,0,15,13
37,50.0,8,4.92,40.0,450.0,1995.0,115693555,1.0,5.0,400.0,17.0,2,48151,1.0,97.3,0.0,3.0,1,1,2017.0,182.9863,2,0,0,1,0,0,0,15,13
38,150.0,15,4.92,40.0,900.0,1982.0,113050633,1.0,4.0,750.0,57.0,5,48161,1.5,155.0,5.0,1.0,1,2,2017.0,613.5423,4,0,1,0,1,1,0,15,13
39,150.3,5,5.79,40.0,499.3,1974.0,115663017,1.0,3.0,349.0,32.0,2,48159,1.0,139.1,1.0,2.0,1,1,2017.0,344.4448,2,0,0,0,0,0,0,15,13
40,170.0,6,5.88,40.0,1250.0,1973.0,106719149,1.0,3.0,1080.0,85.0,7,48147,2.0,103.7,1.0,2.0,2,4,2017.0,914.9315,4,0,1,0,0,0,0,11,13
41,112.0,3,5.95,40.0,361.0,1974.0,114243777,1.0,3.0,249.0,20.0,1,48159,1.0,139.1,1.0,7.0,1,1,2017.0,215.278,2,0,0,0,0,0,0,15,13
42,127.08,3,1.45,40.0,510.12,1974.0,89859588,1.0,3.0,383.04,36.48,2,48159,1.0,97.3,7.0,7.0,1,1,2017.0,392.667072,0,0,1,1,1,1,0,15,6
43,160.0,6,6.49,40.0,850.0,1972.0,107113062,1.0,3.0,690.0,82.0,5,48163,3.0,92.2,1.0,3.0,3,4,2016.0,882.6397999999999,0,0,1,0,1,0,0,11,13
44,160.0,7,4.97,40.0,1110.0,1924.0,113519085,1.0,1.0,950.0,95.0,6,48167,3.0,97.3,1.0,3.0,3,4,2017.0,1022.5705,1,0,0,1,0,0,0,15,13
45,136.56,3,5.95,40.0,525.56,1974.0,114243786,1.0,3.0,389.0,36.0,2,48159,1.0,139.1,1.0,7.0,1,1,2017.0,387.5004,0,0,0,0,0,0,0,15,13
46,160.0,1,5.9,40.0,1210.0,2014.0,75146285,1.0,8.0,1050.0,119.0,7,48167,4.0,37.5,2.0,2.0,4,5,2017.0,1280.9041,5,0,1,0,0,0,0,11,13
47,145.0,6,5.95,40.0,504.0,1973.0,114243766,1.0,3.0,359.0,33.0,2,48159,1.0,137.8,1.0,2.0,1,1,2017.0,355.2087,0,0,0,0,0,0,0,15,13
48,210.0,11,6.02,40.0,1565.0,2017.0,110365303,2.0,9.0,1355.0,129.0,7,48165,4.0,36.0,3.0,4.0,4,6,2017.0,1388.5431,2,0,1,1,1,1,0,13,13
49,110.0,13,3.61,40.0,1113.0,2011.0,73273191,1.0,8.0,1003.0,118.0,7,48163,3.0,97.3,1.0,3.0,3,5,2017.0,1270.1402,2,0,0,0,0,0,0,15,13
50,140.0,8,5.0,40.0,925.0,2019.0,112850729,1.0,9.0,785.0,53.0,5,48165,2.0,40.6,1.0,3.0,2,2,2017.0,570.4866999999999,6,1,1,0,0,1,0,15,13
51,120.0,3,6.54,40.0,1040.0,1952.0,111246525,1.0,2.0,920.0,71.94,6,48147,2.0,99.0,3.0,5.0,2,3,2017.0,774.354966,0,0,1,0,1,0,0,30,13
52,120.0,1,4.73,40.0,1415.0,2009.0,114000972,1.0,7.0,1295.0,136.0,7,48165,3.0,69.9,2.0,3.0,3,6,2017.0,1463.8904,2,0,0,0,0,0,0,15,13
53,100.0,5,5.79,40.0,936.05,2001.0,62468898,2.0,6.0,836.05,72.7,6,48165,2.0,62.0,1.0,3.0,2,3,2014.0,782.53553,3,0,1,0,1,1,0,15,13
54,115.0,6,5.95,40.0,374.0,1973.0,114243775,1.0,3.0,259.0,21.0,1,48159,1.0,137.8,1.0,2.0,1,1,2017.0,226.0419,0,0,0,0,0,0,0,15,13
55,120.0,16,4.92,40.0,885.0,1995.0,113357282,1.0,5.0,765.0,98.0,5,48165,3.0,151.8,1.0,3.0,3,4,2017.0,1054.8622,2,0,0,0,0,0,0,15,13
56,120.0,1,4.38,2.4,970.0,2020.0,115336001,1.0,9.0,850.0,62.6,6,48155,2.0,97.3,2.0,2.0,2,3,2017.0,673.82014,6,1,1,0,1,0,0,13,13
57,95.0,2,5.71,40.0,1007.0,2003.0,99899406,1.0,6.0,912.0,96.0,6,48165,3.0,97.3,1.0,3.0,3,4,2017.0,1033.3344,2,0,0,0,0,0,0,15,13
58,200.0,13,5.74,40.0,920.0,1902.0,111145346,1.0,1.0,720.0,90.0,5,48161,3.0,163.0,2.0,2.0,3,4,2017.0,968.751,0,0,0,1,1,0,0,15,13
59,300.0,17,4.49,40.0,2250.0,2019.0,115695168,1.0,9.0,1950.0,172.0,8,48143,4.0,99.0,3.0,3.0,4,7,2017.0,1851.3908,6,1,1,0,1,1,0,15,13
60,165.0,12,5.6,40.0,1060.0,2015.0,111274902,1.0,8.0,895.0,67.0,6,48155,2.5,15.2,1.0,1.0,2,3,2017.0,721.1813,5,0,1,1,1,0,0,9,6
61,200.0,8,5.07,40.0,950.0,1980.0,113841241,1.0,3.0,750.0,65.0,5,48167,2.0,97.3,1.0,2.0,2,3,2017.0,699.6535,1,0,1,0,0,0,0,15,13
62,200.0,7,6.25,40.0,1075.0,1995.0,107299079,1.0,5.0,875.0,96.0,6,48165,3.0,123.5,1.0,3.0,3,4,2017.0,1033.3344,2,0,1,1,0,0,0,11,13
63,130.0,10,4.11,40.0,840.0,2014.0,115590075,1.0,8.0,710.0,64.0,5,48157,2.0,58.6,1.0,2.0,2,3,2017.0,688.8896,5,0,1,0,1,1,0,15,13
64,116.74,4,5.79,40.0,395.74,1974.0,115663025,1.0,3.0,279.0,23.0,1,48159,1.0,139.1,1.0,2.0,1,1,2017.0,247.5697,0,0,0,0,0,0,0,15,13
65,150.0,17,4.37,40.0,920.0,1973.0,114880615,1.0,3.0,770.0,104.0,5,48157,3.0,90.0,1.0,3.0,3,5,2017.0,1119.4456,1,0,1,0,1,0,0,16,13
66,160.0,25,4.0,10.0,1540.0,2014.0,93657802,1.0,8.0,1380.0,162.0,7,48161,6.0,97.3,1.0,3.0,5,7,2017.0,1743.7518,5,0,0,0,0,0,0,16,13
67,90.86,3,1.45,40.0,339.5,1974.0,89860937,1.0,3.0,248.64,20.38,1,48159,1.0,97.3,7.0,7.0,1,1,2017.0,219.368282,2,0,0,1,1,1,0,15,6
68,85.0,11,1.43,2.4,645.0,1998.0,48829730,1.0,5.0,560.0,76.0,4,48161,2.0,125.0,1.0,2.0,2,3,2017.0,818.0563999999999,0,0,1,0,1,1,0,30,13
69,300.0,11,5.63,40.0,1315.0,1978.0,106484124,1.0,3.0,1015.0,115.0,7,48157,4.0,85.7,1.0,3.0,4,5,2018.0,1237.8485,2,0,1,0,1,0,1,15,13
70,230.0,11,4.4,40.0,1255.0,2018.0,115266946,1.0,9.0,1025.0,87.0,7,48155,3.0,110.0,0.0,2.0,3,4,2017.0,936.4593,5,0,1,1,1,1,1,15,13
71,240.0,16,4.77,40.0,1620.0,1979.0,115700328,1.0,3.0,1380.0,135.0,7,48165,4.0,179.0,0.0,3.0,4,6,2017.0,1453.1265,1,0,1,0,1,0,1,15,6
72,90.0,1,5.97,40.0,690.0,2018.0,107359974,1.0,9.0,600.0,50.8,4,48143,1.0,86.0,1.0,3.0,1,2,2018.0,546.80612,4,1,0,1,0,0,0,30,13
73,120.0,1,6.63,40.0,900.0,2019.0,110630776,1.0,9.0,780.0,60.0,5,48155,2.0,97.3,2.0,2.0,2,2,2017.0,645.834,6,1,1,0,0,0,0,13,13
74,185.0,10,5.94,10.0,1095.0,1995.0,113862963,1.0,5.0,910.0,83.0,6,48155,2.5,97.3,1.0,3.0,2,4,2019.0,893.4037,4,0,1,0,1,0,0,11,13
75,168.0,10,5.51,40.0,1116.0,2019.0,111057277,1.0,9.0,878.0,69.66,6,48159,2.5,97.3,2.0,3.0,2,3,2017.0,749.813274,6,1,0,0,1,1,0,15,13
76,85.0,3,5.32,10.0,880.0,1995.0,113550176,1.0,5.0,795.0,80.0,5,48151,3.0,97.3,1.0,3.0,3,3,2017.0,861.112,2,0,1,0,1,0,0,15,13
77,150.0,12,5.94,40.0,1000.0,1995.0,113467713,1.0,5.0,850.0,75.0,6,48155,2.5,11.46,1.0,3.0,2,3,2017.0,807.2925,5,0,1,0,0,0,0,15,13
78,196.0,10,6.86,40.0,1186.0,1947.0,109775064,0.0,1.0,990.0,74.5,6,48153,2.0,109.0,1.0,3.0,2,3,2017.0,801.91055,3,0,1,1,1,0,0,15,13
79,129.0,4,5.95,40.0,415.15,1983.0,107374233,1.0,4.0,254.15,46.86,1,48163,2.0,95.0,2.0,3.0,2,2,2017.0,504.396354,2,0,1,0,1,1,0,15,13
80,210.0,1,5.32,40.0,1190.0,1952.0,113609236,1.0,2.0,980.0,101.3,6,48151,4.0,137.7,1.0,3.0,4,5,2019.0,1090.38307,4,0,1,0,1,0,0,30,13
81,120.0,10,4.92,40.0,950.0,1985.0,113791612,1.0,4.0,830.0,60.0,6,48143,2.0,113.0,1.0,5.0,2,2,2017.0,645.834,2,0,1,1,1,0,0,11,13
82,145.0,10,4.49,40.0,699.0,2019.0,114636440,1.0,9.0,554.0,29.0,4,48143,1.0,52.4,1.0,6.0,1,1,2017.0,312.1531,5,1,0,1,0,1,0,13,13
83,190.0,4,4.98,40.0,970.0,2019.0,110679157,1.0,9.0,780.0,75.0,5,48165,2.0,41.0,1.0,3.0,2,3,2017.0,807.2925,6,1,1,0,1,0,0,15,13
84,135.0,15,5.13,2.4,902.0,1958.0,85574807,1.0,2.0,657.0,73.01,5,48167,3.0,80.3,1.0,2.0,3,3,2009.0,785.872339,1,0,1,0,1,0,0,15,6
85,220.0,0,4.17,10.0,990.0,1977.0,115658840,1.0,3.0,770.0,93.0,5,48155,4.0,103.0,3.0,3.0,4,4,2016.0,1001.0427,0,0,1,0,1,0,1,15,6
86,140.0,3,5.06,2.4,720.0,2016.0,102318918,1.0,9.0,660.0,54.0,5,48165,2.0,30.0,2.0,3.0,2,2,2017.0,581.2506,5,0,1,0,0,1,0,13,13
87,250.0,41,6.18,10.0,1750.0,2009.0,110818780,1.0,7.0,1400.0,122.0,7,48151,4.0,60.1,1.0,3.0,4,6,2017.0,1313.1958,0,0,1,1,1,1,0,15,13
88,60.0,4,4.66,40.0,700.0,1993.0,115666108,1.0,5.0,580.0,62.0,4,48155,2.0,110.7,0.0,3.0,2,3,2017.0,667.3618,0,0,1,1,1,0,0,15,6
89,160.0,17,4.76,40.0,1060.0,1995.0,114118855,1.0,5.0,900.0,100.0,6,48167,3.0,97.3,1.0,3.0,3,4,2019.0,1076.39,5,0,1,0,1,0,0,11,13
90,140.0,6,4.37,10.0,560.0,1978.0,114934770,1.0,3.0,420.0,50.0,3,48157,2.0,97.3,2.0,2.0,2,2,2016.0,538.1949999999999,0,0,0,1,1,0,0,15,13
91,210.0,12,4.6,40.0,1340.0,2020.0,115694089,1.0,9.0,1130.0,80.88,7,48149,3.0,97.3,2.0,4.0,3,3,2017.0,870.5842319999999,6,1,1,0,1,1,0,13,13
92,260.0,19,5.13,40.0,1630.0,1995.0,112944903,1.0,5.0,1370.0,104.55,7,48145,3.0,64.6,1.0,3.0,3,5,2017.0,1125.3657449999998,5,0,1,0,0,1,1,15,6
93,160.0,14,7.07,40.0,1440.0,1982.0,110562918,1.0,4.0,1280.0,116.0,7,48153,5.0,60.0,3.0,3.0,5,5,2018.0,1248.6124,0,0,1,0,1,0,0,16,13
94,87.5,8,7.14,40.0,827.5,2005.0,106537897,1.0,6.0,740.0,67.0,5,48153,2.0,104.7,2.0,3.0,2,3,2017.0,721.1813,2,0,0,0,0,0,0,15,13
95,160.0,11,4.63,40.0,660.0,1992.0,115401337,1.0,5.0,500.0,28.0,3,48159,1.0,177.0,2.0,2.0,1,1,2020.0,301.3892,4,0,1,1,1,1,0,15,13
96,65.0,6,4.79,40.0,815.0,1995.0,115642789,1.0,5.0,750.0,65.0,5,48155,2.5,97.3,1.0,3.0,2,3,2017.0,699.6535,2,0,1,1,1,0,0,30,13
97,185.0,1,6.76,40.0,845.0,1998.0,105226911,1.0,5.0,660.0,73.0,5,48157,2.0,97.3,2.0,2.0,2,3,2017.0,785.7647,5,0,1,1,1,0,0,15,13
98,170.0,5,4.63,40.0,1100.0,1995.0,115381108,1.0,5.0,770.0,58.0,5,48159,2.0,97.3,0.0,3.0,2,2,2017.0,624.3062,3,0,0,1,1,0,1,11,6
99,375.0,10,4.37,40.0,1475.0,1964.0,89305368,1.0,2.0,1100.0,123.0,7,48157,4.0,97.3,1.0,3.0,4,6,2017.0,1323.9597,0,0,1,1,1,0,1,15,13
100,442.5,14,4.52,40.0,2832.5,2012.0,112326077,1.0,8.0,2390.0,177.0,9,48149,5.0,97.3,0.0,3.0,5,7,2017.0,1905.2103,2,0,1,0,0,1,0,15,13
101,230.0,0,5.83,40.0,1195.0,1986.0,110617026,1.0,4.0,970.0,64.0,6,48143,2.5,97.3,3.0,3.0,2,3,2017.0,688.8896,0,0,1,1,0,0,0,15,13
102,210.0,14,4.17,10.0,747.0,1995.0,115696074,1.0,5.0,537.0,43.0,4,48155,1.5,97.3,1.0,3.0,1,2,2017.0,462.8477,2,0,0,1,1,0,1,15,13
103,290.0,9,5.4,40.0,1500.0,2019.0,113853061,1.0,9.0,1210.0,86.29,7,48153,3.0,97.3,2.0,5.0,3,4,2017.0,928.816931,6,1,1,0,1,1,0,16,13
104,130.0,7,4.65,40.0,570.0,1996.0,113779406,1.0,5.0,440.0,54.0,3,48157,2.0,66.0,1.0,3.0,2,2,2017.0,581.2506,0,0,0,1,1,0,0,15,13
105,119.0,4,5.95,40.0,398.0,1973.0,114243769,1.0,3.0,279.0,23.0,1,48159,1.0,137.8,1.0,2.0,1,1,2017.0,247.5697,2,0,0,0,0,0,0,15,13
106,100.0,17,4.35,40.0,740.0,1995.0,109407329,2.0,5.0,640.0,70.0,5,48159,2.0,97.3,1.0,3.0,2,3,2017.0,753.473,5,0,0,1,0,0,1,15,13
107,400.0,20,5.09,40.0,1695.0,2010.0,111306227,1.0,7.0,1295.0,89.9,7,48147,2.0,99.97,0.0,3.0,2,4,2012.0,967.67461,5,0,1,1,1,1,1,15,6
108,119.5,4,3.23,40.0,680.5,1967.0,91189231,1.0,2.0,561.0,39.0,4,48155,1.0,97.3,1.0,3.0,1,1,2017.0,419.7921,3,0,0,1,0,0,0,15,13
109,110.0,4,6.25,40.0,450.0,1995.0,107378002,1.0,5.0,340.0,35.0,2,48149,1.0,97.3,1.0,4.0,1,1,2017.0,376.7365,2,0,1,0,0,0,0,15,13
110,95.0,1,4.24,40.0,782.0,1994.0,115414429,1.0,5.0,687.0,78.0,5,48163,3.0,102.0,0.0,3.0,3,3,2017.0,839.5842,2,0,0,0,0,0,0,15,13
111,151.0,10,5.51,40.0,916.0,2019.0,110272106,1.0,9.0,702.0,62.88,5,48159,2.5,97.3,0.0,4.0,2,3,2017.0,676.834032,6,1,1,0,1,1,1,15,13
112,200.0,14,4.57,40.0,950.0,2003.0,113243865,1.0,6.0,750.0,52.0,5,48155,2.0,84.0,1.0,1.0,2,2,2017.0,559.7228,5,0,1,1,1,0,0,11,13
113,200.0,3,4.77,40.0,1169.0,2020.0,115420686,1.0,9.0,969.0,74.53,6,48165,2.0,97.3,1.0,3.0,2,3,2017.0,802.233467,6,1,1,0,1,0,1,13,13
114,180.0,12,4.63,40.0,1145.0,2019.0,113133800,1.0,9.0,895.0,71.7,6,48157,2.0,32.0,1.0,4.0,2,3,2017.0,771.77163,6,1,1,1,1,1,0,16,13
115,300.0,14,4.52,40.0,1605.0,1995.0,113606479,1.0,5.0,1215.0,89.3,7,48149,2.5,79.0,1.0,3.0,2,4,2017.0,961.21627,5,0,1,0,0,1,0,15,6
116,200.0,0,6.19,2.4,910.0,1990.0,108616072,1.0,4.0,690.0,46.0,5,48149,2.0,97.3,3.0,3.0,2,2,2017.0,495.1394,0,0,1,1,1,0,0,15,6
117,85.0,1,5.83,10.0,645.0,1960.0,110988413,1.0,2.0,560.0,77.0,4,48167,3.0,97.3,1.0,3.0,3,3,2017.0,828.8203,0,0,1,1,1,0,1,15,13
118,260.0,13,6.32,40.0,1982.0,2017.0,107306996,1.0,9.0,1750.0,123.0,8,48151,4.0,97.3,0.0,3.0,4,6,2017.0,1323.9597,2,1,0,0,0,0,0,15,13
119,190.0,6,5.45,10.0,1200.0,2013.0,110766484,1.0,8.0,1010.0,64.0,7,48143,2.0,97.3,4.0,3.0,2,3,2017.0,688.8896,2,0,0,0,1,1,0,16,13
120,95.0,15,5.83,40.0,1585.0,1950.0,110614039,1.0,1.0,1490.0,100.0,7,48147,4.0,97.3,1.0,4.0,4,4,2019.0,1076.39,4,0,1,0,1,0,1,30,13
121,246.0,11,5.98,40.0,1549.0,2018.0,109484908,1.0,9.0,1200.0,102.5,7,48159,4.5,97.3,0.0,4.0,4,5,2017.0,1103.29975,6,1,1,0,1,1,0,15,13
122,300.0,13,6.1,40.0,1250.0,1995.0,106434658,1.0,5.0,950.0,96.0,6,48165,3.0,148.0,1.0,3.0,3,4,2017.0,1033.3344,0,0,1,0,0,0,1,11,6
123,390.0,9,5.89,40.0,2155.0,1995.0,111417671,1.0,5.0,1765.0,130.0,8,48145,4.0,97.3,2.0,2.0,4,6,2017.0,1399.307,2,0,1,0,1,0,0,15,13
124,160.0,9,5.33,40.0,1050.0,1998.0,103875896,2.0,5.0,890.0,100.0,6,48165,3.0,65.0,0.0,1.0,3,4,2018.0,1076.39,2,0,1,0,0,0,1,15,13
125,81.0,3,3.19,40.0,496.0,1956.0,92422833,1.0,2.0,415.0,22.0,3,48153,1.0,175.0,1.0,3.0,1,1,2017.0,236.8058,2,0,0,1,0,0,0,15,13
126,130.0,8,4.1,40.0,650.0,1985.0,115667175,1.0,4.0,520.0,47.43,4,48149,1.0,97.3,4.0,4.0,1,2,2017.0,510.531777,0,0,0,1,1,1,0,15,6
127,180.0,16,4.66,40.0,1280.0,1995.0,115640123,1.0,5.0,1100.0,90.0,7,48151,4.0,97.3,1.0,3.0,4,4,2020.0,968.751,2,0,1,1,1,0,0,30,13
128,150.0,8,5.95,40.0,700.0,2001.0,110284083,1.0,6.0,550.0,45.0,4,48149,1.0,88.6,3.0,1.0,1,2,2017.0,484.3755,2,0,0,0,0,0,0,15,13
129,150.0,10,4.65,10.0,1110.0,1995.0,83970645,1.0,5.0,920.0,77.24,6,48167,3.0,49.0,3.0,3.0,3,3,2014.0,831.4036359999999,3,0,1,1,1,0,0,15,13
130,400.0,25,5.5,10.0,2800.0,1905.0,113615573,1.0,1.0,2400.0,181.0,9,48145,6.0,97.3,2.0,3.0,5,7,2019.0,1948.2659,4,0,1,0,1,0,0,15,13
131,100.0,2,4.82,40.0,640.0,2020.0,115254945,1.0,9.0,540.0,47.0,4,48167,2.0,97.3,3.0,3.0,2,2,2017.0,505.9033,6,1,1,0,1,1,0,13,13
132,390.0,7,3.77,40.0,1860.0,2020.0,114343201,1.0,9.0,1470.0,101.61,7,48147,3.0,31.7,2.0,2.0,3,5,2017.0,1093.719879,6,1,1,0,1,1,0,15,6
133,200.0,11,5.01,40.0,1298.0,1982.0,114884107,1.0,4.0,1098.0,96.0,7,48151,4.0,102.0,1.0,1.0,4,4,2017.0,1033.3344,1,0,1,1,0,0,0,15,13
134,230.0,11,5.76,40.0,1330.0,1961.0,113449786,1.0,2.0,1100.0,100.0,7,48153,4.0,147.0,1.0,3.0,4,4,2019.0,1076.39,5,0,1,0,1,0,0,15,13
135,200.0,18,6.67,10.0,1150.0,2003.0,106879060,1.0,6.0,950.0,83.0,6,48155,3.0,96.0,2.0,2.0,3,4,2017.0,893.4037,0,0,1,1,1,1,1,11,13
136,200.0,13,4.61,40.0,1100.0,1982.0,83158421,1.0,4.0,850.0,78.0,6,48161,3.0,208.3,2.0,3.0,3,3,2009.0,839.5842,0,0,1,1,1,0,0,15,13
137,220.0,7,5.79,40.0,929.0,1974.0,115663019,1.0,3.0,709.0,82.0,5,48159,3.0,139.1,1.0,2.0,3,4,2017.0,882.6397999999999,2,0,0,0,0,0,0,15,13
138,150.0,7,6.32,40.0,1275.0,2018.0,106574418,1.0,9.0,1125.0,75.0,7,48151,2.0,97.3,1.0,2.0,2,3,2017.0,807.2925,6,1,1,0,1,0,1,13,13
139,161.0,11,5.51,40.0,997.0,2019.0,110998496,1.0,9.0,769.0,66.81,5,48159,2.5,97.3,1.0,4.0,2,3,2017.0,719.136159,6,1,1,0,1,1,0,15,13
140,200.0,12,5.79,10.0,1040.0,2002.0,111216150,1.0,6.0,840.0,71.0,6,48165,2.5,97.3,0.0,3.0,2,3,2019.0,764.2369,2,0,1,1,1,0,0,13,13
141,92.0,8,5.76,40.0,661.4,2010.0,111354004,1.0,7.0,501.4,46.0,4,48161,1.5,97.3,3.0,3.0,1,2,2017.0,495.1394,2,0,1,1,0,1,0,15,13
142,100.0,12,4.77,40.0,740.0,1957.0,114833722,1.0,2.0,640.0,75.0,5,48165,3.0,201.8,0.0,3.0,3,3,2017.0,807.2925,2,0,0,0,0,0,0,15,13
143,260.0,23,4.19,40.0,2360.0,1906.0,115231981,1.0,1.0,2100.0,148.0,9,48149,4.0,97.3,3.0,3.0,4,6,2017.0,1593.0572,0,0,1,1,0,0,0,30,13
144,212.0,6,5.79,40.0,921.0,1974.0,114521793,1.0,3.0,709.0,82.0,5,48159,3.0,139.1,1.0,2.0,3,4,2017.0,882.6397999999999,2,0,0,0,0,0,0,15,13
145,65.0,14,5.79,40.0,925.0,1996.0,115566313,1.0,5.0,860.0,55.0,6,48159,2.0,97.3,0.0,3.0,2,2,2017.0,592.0145,5,0,1,1,0,0,1,15,13
146,150.0,15,5.61,10.0,1000.0,1976.0,107365528,1.0,3.0,850.0,60.0,6,48149,1.0,203.0,0.0,3.0,1,2,2017.0,645.834,0,0,1,1,1,0,0,15,13
147,220.0,6,5.32,40.0,1320.0,1988.0,112538594,1.0,4.0,1100.0,130.0,7,48153,3.5,97.3,1.0,2.0,3,6,2019.0,1399.307,3,0,1,0,1,0,0,11,13
148,80.0,9,1.43,40.0,470.0,1976.0,80319316,1.0,3.0,390.0,33.0,2,48163,1.5,97.3,3.0,3.0,1,1,2017.0,355.2087,0,0,1,1,1,0,0,15,6
149,190.0,8,5.9,40.0,885.0,1974.0,110303035,1.0,3.0,695.0,100.0,5,48167,3.0,97.3,1.0,1.0,3,4,2012.0,1076.39,1,0,1,1,1,0,0,11,13
150,500.0,10,4.38,2.4,1900.0,1955.0,114670215,1.0,2.0,1400.0,138.0,7,48157,3.0,97.6,1.0,3.0,3,6,2017.0,1485.4181999999998,0,0,0,0,0,0,1,15,13
151,220.0,0,4.92,10.0,880.0,1995.0,113850383,1.0,5.0,660.0,55.0,5,48413,2.0,97.3,2.0,3.0,2,2,2017.0,592.0145,2,0,0,1,1,1,0,30,13
152,310.0,27,5.94,40.0,2000.0,2018.0,108893127,1.0,9.0,1690.0,130.29,8,48149,4.0,54.0,1.0,3.0,4,6,2017.0,1402.4285309999998,6,1,1,0,1,1,0,13,13
153,300.0,23,4.1,40.0,1605.0,1995.0,115454307,1.0,5.0,1215.0,89.3,7,48149,2.5,79.0,1.0,3.0,2,4,2017.0,961.21627,5,0,1,0,0,1,0,15,6
154,130.0,4,5.86,40.0,1045.0,2018.0,58985847,1.0,9.0,800.0,88.9,5,48161,3.0,97.3,2.0,3.0,3,4,2018.0,956.91071,6,1,1,0,1,0,0,15,13
155,130.0,6,4.17,40.0,550.0,1997.0,115660865,1.0,5.0,420.0,24.0,3,48155,1.0,97.3,0.0,0.0,1,1,2020.0,258.3336,4,0,1,1,0,0,1,15,6
156,90.0,21,6.56,40.0,940.0,1953.0,111320177,1.0,2.0,850.0,63.0,6,48153,2.0,97.3,4.0,4.0,2,3,2017.0,678.1256999999999,6,0,1,0,1,0,0,11,13
157,290.0,28,4.52,40.0,2090.0,2017.0,113186487,1.0,9.0,1700.0,111.0,8,48149,4.0,52.7,3.0,3.0,4,5,2017.0,1194.7929,5,0,1,1,1,1,0,13,13
158,150.0,13,5.28,40.0,1350.0,2018.0,107248438,1.0,9.0,1200.0,80.0,7,48151,2.0,97.3,2.0,2.0,2,3,2018.0,861.112,5,1,0,1,1,0,0,13,13
159,95.0,7,5.32,40.0,955.0,1928.0,107312387,1.0,1.0,785.0,81.0,5,48145,3.0,138.3,3.0,4.0,3,4,2016.0,871.8759,0,0,1,1,1,0,0,11,6
160,120.0,14,4.92,40.0,850.0,1991.0,113565119,1.0,5.0,670.0,54.0,5,48161,2.0,80.0,4.0,4.0,2,2,2017.0,581.2506,0,0,1,0,1,0,0,15,6
161,203.0,12,5.51,40.0,1261.0,2019.0,111057276,1.0,9.0,973.0,84.54,6,48159,2.5,97.3,1.0,3.0,2,4,2017.0,909.980106,6,1,1,0,1,1,0,15,13
162,190.0,7,2.86,40.0,999.0,1974.0,93188220,1.0,3.0,809.0,101.55,6,48159,4.0,201.0,7.0,7.0,4,5,2017.0,1093.0740449999998,2,0,1,1,0,1,0,15,6
163,275.0,16,4.51,40.0,2345.0,2019.0,113668162,2.0,9.0,2070.0,138.0,9,48147,3.0,33.6,2.0,2.0,3,6,2019.0,1485.4181999999998,6,1,1,0,1,0,0,30,6
164,400.0,29,4.47,2.4,1600.0,1995.0,115639707,1.0,5.0,1200.0,122.0,7,48161,4.0,97.3,1.0,3.0,4,6,2020.0,1313.1958,2,0,0,1,0,0,0,15,13
165,170.0,10,5.83,40.0,1010.0,2014.0,109660120,1.0,8.0,840.0,70.04,6,48167,3.0,49.0,1.0,3.0,3,3,2014.0,753.9035560000001,3,0,1,1,1,0,0,11,13
166,300.0,12,5.15,10.0,1900.0,1904.0,115083898,1.0,1.0,1600.0,160.0,8,48157,4.0,97.3,0.0,2.0,4,7,2010.0,1722.224,0,0,1,0,1,0,1,11,6
167,118.0,3,4.89,10.0,368.0,1990.0,113834547,1.0,4.0,250.0,21.54,1,48165,1.0,223.9,1.0,3.0,1,1,2017.0,231.854406,0,0,0,0,0,0,0,15,6
168,150.0,34,6.85,40.0,1860.0,1953.0,109986292,1.0,2.0,1620.0,136.0,8,48153,4.0,97.3,3.0,5.0,4,6,2018.0,1463.8904,4,0,1,0,1,0,0,15,13
169,100.0,2,4.77,40.0,400.0,1995.0,115555419,1.0,5.0,260.0,27.0,1,48165,1.0,165.85,2.0,3.0,1,1,2017.0,290.6253,0,0,1,0,1,0,0,15,6
170,150.0,15,5.94,40.0,1800.0,1934.0,78166650,1.0,1.0,1450.0,127.5,7,48149,4.0,131.0,1.0,4.0,4,6,2012.0,1372.39725,3,0,1,1,0,0,0,15,13
171,171.0,12,5.51,40.0,1154.0,2019.0,110762269,1.0,9.0,911.0,71.13,6,48159,2.5,97.3,2.0,3.0,2,3,2017.0,765.6362069999999,2,1,0,0,1,1,0,15,13
172,180.0,1,5.07,40.0,778.0,1995.0,114309596,1.0,5.0,598.0,65.75,4,48151,2.0,97.3,0.0,4.0,2,3,2017.0,707.726425,2,0,1,0,1,1,0,16,6
173,200.0,9,4.57,40.0,1400.0,1995.0,113488973,1.0,5.0,1200.0,87.0,7,48155,3.0,97.3,0.0,2.0,3,4,2017.0,936.4593,2,0,1,1,1,1,1,19,13
174,250.0,14,4.97,40.0,1140.0,1984.0,110245012,1.0,4.0,890.0,87.3,6,48167,3.0,97.3,1.0,2.0,3,4,2015.0,939.68847,5,0,1,0,0,0,1,11,13
175,165.0,8,5.01,40.0,1070.0,2019.0,115674358,0.0,9.0,905.0,64.34,6,48145,2.0,97.3,2.0,4.0,2,3,2019.0,692.5493260000001,6,1,0,0,1,1,1,29,13
176,72.0,17,5.46,40.0,432.0,1995.0,111307643,1.0,5.0,360.0,38.0,2,48161,1.0,97.3,1.0,3.0,1,1,2017.0,409.0282,2,0,1,1,1,0,0,16,13
177,160.0,17,5.19,40.0,1260.0,2013.0,107012721,1.0,8.0,1100.0,112.0,7,48167,3.0,97.3,1.0,3.0,3,5,2017.0,1205.5567999999998,5,0,1,1,1,1,1,13,13
178,151.05,6,5.04,40.0,539.0,1995.0,113393302,1.0,5.0,387.95,27.95,2,48159,1.0,14.93,1.0,3.0,1,1,2017.0,300.851005,2,0,1,1,0,1,0,15,13
179,210.0,6,4.92,40.0,930.0,1969.0,113370874,1.0,2.0,720.0,82.0,5,48165,3.0,97.3,0.0,2.0,3,4,2017.0,882.6397999999999,4,0,1,0,1,0,0,15,6
180,70.0,3,4.25,40.0,805.0,1982.0,115488725,1.0,4.0,735.0,70.0,5,48159,2.0,97.3,1.0,3.0,2,3,2017.0,753.473,4,0,1,0,1,0,0,13,13
181,320.0,18,4.88,40.0,1662.0,2004.0,114216219,1.0,6.0,1342.0,122.0,7,48151,4.0,49.0,4.0,4.0,4,6,2017.0,1313.1958,5,0,1,1,1,1,0,15,13
182,105.0,12,6.02,40.0,561.0,2013.0,82155080,1.0,8.0,433.0,31.0,3,48161,1.0,45.0,2.0,3.0,1,1,2013.0,333.6809,5,0,1,1,0,1,0,16,13
183,200.0,6,4.66,40.0,1350.0,2019.0,114747151,1.0,9.0,1150.0,87.63,7,48167,3.0,97.3,0.0,3.0,3,4,2017.0,943.240557,6,1,1,0,1,0,1,9,13
184,300.0,8,5.88,40.0,1520.0,1997.0,110518608,1.0,5.0,1220.0,109.0,7,48143,3.0,151.9,2.0,3.0,3,5,2017.0,1173.2650999999998,2,0,1,0,1,1,0,15,13
185,200.0,12,4.52,40.0,1400.0,1960.0,113666134,1.0,2.0,1200.0,94.0,7,48149,3.0,80.4,2.0,3.0,3,4,2015.0,1011.8066,0,0,1,1,1,0,0,15,13
186,250.0,7,3.37,40.0,1540.0,1908.0,82667288,1.0,1.0,1290.0,98.0,7,48149,3.0,97.3,1.0,3.0,3,4,2019.0,1054.8622,4,0,1,1,1,0,0,15,6
187,220.0,23,1.39,40.0,1035.0,1890.0,80660327,1.0,1.0,815.0,66.0,6,48157,2.0,97.3,3.0,4.0,2,3,2014.0,710.4173999999999,2,0,1,1,1,1,1,13,13
188,250.0,13,4.51,40.0,2125.0,2019.0,113667404,0.0,9.0,1875.0,125.0,8,48147,4.0,33.6,1.0,2.0,4,6,2019.0,1345.4875,6,1,1,0,1,0,0,30,6
189,80.0,4,6.26,40.0,495.0,1995.0,108738090,1.0,5.0,415.0,37.64,3,48155,1.0,97.0,4.0,4.0,1,1,2017.0,405.153196,2,0,0,0,0,0,0,15,13
190,0.0,1,4.37,40.0,195.0,1995.0,67175496,1.0,5.0,195.0,12.0,1,48163,1.0,97.3,1.0,1.0,1,1,2017.0,129.1668,2,0,0,0,0,0,0,15,13
191,200.0,5,2.86,40.0,980.9,1995.0,97241820,1.0,5.0,780.9,81.0,5,48157,3.0,97.3,1.0,3.0,3,4,2018.0,871.8759,4,0,1,1,1,1,0,16,13
192,125.0,26,4.69,40.0,1625.0,1849.0,112773809,2.0,1.0,1500.0,150.0,7,48163,4.0,97.3,1.0,3.0,4,6,2017.0,1614.585,2,0,0,0,0,0,0,15,13
193,130.0,8,2.53,10.0,456.0,1984.0,65674198,0.0,4.0,456.0,38.0,3,48163,2.0,97.3,2.0,3.0,2,1,2017.0,409.0282,0,0,1,1,0,0,1,15,6
194,177.5,12,4.49,40.0,895.0,2019.0,114358340,1.0,9.0,717.5,37.0,5,48143,1.0,97.3,1.0,6.0,1,1,2017.0,398.2643,5,1,1,1,0,1,0,13,13
195,290.0,12,3.81,40.0,1420.0,1945.0,96093615,1.0,1.0,1130.0,119.0,7,48143,4.0,171.8,2.0,3.0,4,5,2017.0,1280.9041,2,0,0,0,1,0,0,30,13
196,95.0,10,5.76,40.0,735.0,2012.0,113826960,1.0,8.0,530.0,40.53,4,48153,1.0,97.3,3.0,4.0,1,1,2012.0,436.260867,0,0,0,1,1,1,0,13,6
197,200.0,6,5.4,40.0,700.0,1963.0,110397701,1.0,2.0,500.0,69.0,3,48157,3.0,240.0,1.0,3.0,3,3,2017.0,742.7090999999999,2,0,0,0,1,0,0,15,6
198,180.0,8,5.83,40.0,900.0,2016.0,111084825,1.0,9.0,720.0,60.0,5,48167,2.0,42.0,1.0,2.0,2,2,2017.0,645.834,5,0,1,0,1,1,0,11,13
199,160.0,11,5.99,40.0,1250.0,2001.0,111311466,1.0,6.0,1100.0,98.0,7,48147,3.0,97.3,1.0,3.0,3,4,2019.0,1054.8622,2,0,1,0,1,0,0,15,13
200,80.0,6,4.29,40.0,730.0,1952.0,115709809,1.0,2.0,650.0,50.0,5,48149,2.0,64.8,3.0,3.0,2,2,2018.0,538.1949999999999,2,0,1,0,1,0,0,15,13
201,94.0,3,4.57,40.0,516.19,1954.0,113702985,1.0,2.0,389.19,47.52,2,48155,2.0,163.0,2.0,3.0,2,2,2017.0,511.500528,2,0,0,0,1,0,0,15,13
202,190.0,11,2.56,40.0,815.0,1995.0,92279827,1.0,5.0,625.0,70.0,5,48161,2.0,97.3,0.0,4.0,2,3,2017.0,753.473,0,0,1,1,1,0,0,15,6
203,90.0,7,4.95,40.0,435.12,1997.0,115298713,1.0,5.0,345.12,59.52,2,48151,2.0,101.7,1.0,2.0,2,2,2017.0,640.667328,0,0,1,0,0,0,0,15,6
204,315.0,15,5.52,40.0,2090.0,2019.0,113785182,1.0,9.0,1775.0,141.0,8,48145,4.0,97.3,3.0,4.0,4,6,2019.0,1517.7098999999998,6,1,1,0,1,1,0,29,13
205,77.5,22,4.88,2.4,644.5,2015.0,115688385,1.0,8.0,567.0,32.0,4,48151,1.0,47.5,1.0,5.0,1,1,2017.0,344.4448,5,0,1,1,0,1,0,15,6
206,77.5,6,4.58,40.0,466.5,1984.0,115696617,1.0,4.0,389.0,43.0,2,48165,1.0,124.3,0.0,3.0,1,2,2017.0,462.8477,0,0,0,0,0,0,1,15,13
207,200.0,0,4.97,40.0,798.5,1995.0,114010572,1.0,5.0,598.5,63.0,4,48157,2.0,97.3,2.0,3.0,2,3,2017.0,678.1256999999999,0,0,1,1,1,1,0,16,13
208,175.0,23,4.66,40.0,925.0,1995.0,115506526,1.0,5.0,750.0,75.0,5,48145,3.0,97.3,3.0,3.0,3,3,2019.0,807.2925,2,0,1,1,1,0,0,15,6
209,480.0,1,4.74,40.0,2970.0,1995.0,113860905,1.0,5.0,2490.0,160.0,9,48149,4.0,97.3,0.0,2.0,4,7,2019.0,1722.224,2,0,1,0,0,0,1,15,6
210,330.0,6,4.84,40.0,825.0,2016.0,113861134,1.0,9.0,495.0,28.0,3,48143,1.0,44.3,14.0,14.0,1,1,2017.0,301.3892,5,0,0,1,0,1,0,16,13
211,130.46,2,4.9,40.0,505.31,2020.0,115611402,1.0,9.0,374.85,35.7,2,48151,1.5,97.3,1.0,3.0,1,1,2017.0,384.27123,2,1,0,1,0,1,0,16,13
212,120.0,30,5.79,40.0,1415.0,1974.0,110067658,2.0,3.0,1295.0,180.0,7,48165,5.0,186.6,1.0,3.0,5,7,2017.0,1937.502,2,0,0,0,0,0,0,15,13
213,250.0,8,6.67,40.0,925.0,1993.0,111256424,1.0,5.0,675.0,75.0,5,48167,3.0,119.0,0.0,2.0,3,3,2017.0,807.2925,0,0,1,0,1,0,0,15,13
214,170.0,5,5.32,40.0,1100.0,1995.0,110592036,1.0,5.0,770.0,59.0,5,48159,3.0,97.3,0.0,3.0,3,2,2019.0,635.0701,2,0,0,1,1,0,1,11,6
215,0.0,1,5.94,40.0,202.0,1995.0,112646509,1.0,5.0,202.0,25.0,1,48169,2.0,97.3,1.0,2.0,2,1,2017.0,269.0975,0,0,1,1,1,0,1,11,6
216,310.0,13,5.7,40.0,1200.0,2019.0,111262511,1.0,9.0,890.0,65.0,6,48143,2.0,52.4,5.0,6.0,2,3,2017.0,699.6535,6,1,0,1,0,1,0,13,13
217,240.0,10,4.17,40.0,1540.0,1963.0,114624376,1.0,2.0,1300.0,120.0,7,48155,5.0,97.3,1.0,1.0,5,5,2016.0,1291.668,5,0,1,1,0,0,1,11,13
218,250.0,14,4.31,40.0,1465.0,2019.0,113134657,1.0,9.0,1145.0,99.6,7,48157,3.0,32.0,3.0,4.0,3,4,2017.0,1072.08444,6,1,1,0,1,1,0,16,13
219,160.0,10,4.51,40.0,1990.0,1995.0,113077342,2.0,5.0,1990.0,125.0,8,48147,4.5,97.3,1.0,2.0,4,6,2017.0,1345.4875,6,0,1,0,1,0,0,15,6
220,450.0,10,6.03,40.0,2140.0,2001.0,111261829,1.0,6.0,1640.0,137.0,8,48155,4.0,78.1,1.0,3.0,4,6,2017.0,1474.6543,0,0,1,1,1,1,0,13,13
221,135.0,6,4.69,2.4,860.0,1972.0,100351789,1.0,3.0,725.0,64.0,5,48149,2.0,264.6,2.0,2.0,2,3,2017.0,688.8896,1,0,1,0,1,0,0,15,13
222,160.0,10,4.29,40.0,770.0,1995.0,115682554,1.0,5.0,770.0,39.0,5,48149,1.0,97.3,1.0,3.0,1,1,2017.0,419.7921,2,0,1,1,0,1,0,15,13
223,60.0,6,4.88,40.0,550.0,1968.0,115667700,1.0,2.0,440.0,35.18,3,48153,1.0,102.0,1.0,4.0,1,1,2017.0,378.674002,0,0,0,1,1,1,0,15,6
224,150.0,7,4.24,40.0,680.0,1995.0,115641865,1.0,5.0,530.0,62.0,4,48163,2.0,97.3,2.0,2.0,2,3,2017.0,667.3618,0,0,0,0,0,0,0,15,6
225,175.0,9,5.04,40.0,765.0,1974.0,88780107,1.0,3.0,590.0,69.0,4,48167,2.0,120.0,1.0,3.0,2,3,2016.0,742.7090999999999,3,0,1,1,1,0,0,11,13
226,133.0,8,5.74,40.0,635.38,1900.0,111311636,1.0,1.0,487.38,55.7,3,48161,2.0,73.8,1.0,2.0,2,2,2017.0,599.54923,5,0,1,0,0,0,0,15,13
227,150.0,10,4.74,40.0,1005.0,2019.0,115198894,1.0,9.0,855.0,58.0,6,48165,2.0,40.6,1.0,3.0,2,2,2017.0,624.3062,6,1,1,0,0,1,0,15,13
228,125.0,4,6.57,10.0,670.0,1972.0,111392717,1.0,3.0,545.0,42.0,4,48151,1.0,144.5,3.0,3.0,1,2,2017.0,452.0838,2,0,1,0,0,1,0,15,6
229,140.0,8,6.49,40.0,720.0,1995.0,106924400,1.0,5.0,580.0,72.0,4,48163,3.0,97.3,2.0,3.0,3,3,2014.0,775.0008,0,0,1,0,1,0,1,15,6
230,160.0,14,6.67,5.0,1530.0,2006.0,102533472,1.0,7.0,1370.0,133.0,7,48155,5.0,97.3,1.0,3.0,5,6,2017.0,1431.5987,2,0,1,0,1,0,0,11,13
231,140.0,11,4.74,40.0,925.0,2019.0,115198866,1.0,9.0,785.0,53.0,5,48165,2.0,40.6,1.0,3.0,2,2,2017.0,570.4866999999999,6,1,1,0,0,1,0,15,13
232,350.0,11,6.42,10.0,1400.0,1995.0,106009984,1.0,5.0,1050.0,108.0,7,48143,3.0,97.3,4.0,4.0,3,5,2017.0,1162.5012,2,0,1,1,0,1,0,15,13
233,120.0,10,6.17,2.4,715.0,1936.0,103105220,1.0,1.0,595.0,70.0,4,48167,3.0,97.3,1.0,3.0,3,3,2004.0,753.473,1,0,1,0,1,0,1,11,6
234,210.0,7,5.32,40.0,1625.0,1995.0,110592345,2.0,5.0,1155.0,72.0,7,48159,4.0,97.3,0.0,3.0,4,3,2019.0,775.0008,2,0,0,1,1,0,1,11,13
235,200.0,5,6.35,10.0,650.0,1995.0,111405700,1.0,5.0,450.0,42.0,3,48151,2.0,97.3,2.0,4.0,2,2,2017.0,452.0838,2,0,0,1,0,0,0,30,13
236,318.0,10,5.79,40.0,1047.0,1974.0,115662998,1.0,3.0,729.0,96.0,5,48159,3.0,201.0,1.0,2.0,3,4,2017.0,1033.3344,2,0,0,0,0,0,0,15,13
237,200.0,21,5.15,40.0,1590.0,2019.0,114900077,1.0,9.0,1390.0,100.0,7,48157,2.5,97.3,1.0,2.0,2,4,2019.0,1076.39,6,1,1,0,0,0,1,13,13
238,150.0,2,6.02,40.0,575.0,1975.0,110516054,1.0,3.0,425.0,50.0,3,48161,2.0,97.3,1.0,5.0,2,2,2009.0,538.1949999999999,0,0,1,0,1,1,0,15,6
239,150.0,0,5.7,40.0,619.0,1963.0,111406381,1.0,2.0,469.0,67.0,3,48167,2.0,98.5,3.0,3.0,2,3,2016.0,721.1813,0,0,0,0,1,0,0,11,6
240,200.0,12,5.76,40.0,800.0,1982.0,111304130,1.0,4.0,600.0,62.0,4,48149,3.0,174.0,1.0,1.0,3,3,2016.0,667.3618,0,0,1,0,1,0,0,15,13
241,200.0,8,4.38,40.0,1050.0,1961.0,115500362,1.0,2.0,850.0,105.0,6,48159,4.0,119.73,0.0,0.0,4,5,1994.0,1130.2095,2,0,1,1,1,0,0,11,6
242,0.0,3,5.58,40.0,550.0,1995.0,110371848,1.0,5.0,550.0,43.0,4,48143,1.0,97.3,1.0,3.0,1,2,2017.0,462.8477,2,0,1,1,1,0,0,16,13
243,361.56,8,5.04,40.0,2169.36,2018.0,112150549,1.0,9.0,1807.8,120.52,8,48159,4.0,3.0,1.0,3.0,4,5,2017.0,1297.265228,5,0,1,0,1,1,0,15,13
244,70.0,14,6.02,2.4,655.0,1995.0,109516332,1.0,5.0,520.0,47.0,4,48161,1.0,97.3,1.0,3.0,1,2,2017.0,505.9033,2,0,1,1,0,1,0,15,13
245,128.0,12,5.23,40.0,962.0,2016.0,113803323,1.0,9.0,834.0,67.77,6,48151,2.5,60.0,1.0,3.0,2,3,2017.0,729.4695029999999,5,0,1,0,0,1,1,13,13
246,94.0,5,4.57,40.0,493.0,1954.0,113720797,1.0,2.0,366.0,47.52,2,48155,2.0,162.0,2.0,3.0,2,2,2017.0,511.500528,2,0,0,0,1,0,0,15,13
247,222.0,7,5.79,40.0,901.0,1974.0,114504126,1.0,3.0,679.0,77.0,5,48159,3.0,79.0,1.0,3.0,3,3,2017.0,828.8203,0,0,0,0,0,0,0,15,13
248,100.0,11,4.92,40.0,1090.0,1968.0,113573247,1.0,2.0,990.0,120.0,6,48165,3.0,97.3,1.0,3.0,3,5,2010.0,1291.668,0,0,1,1,1,0,0,16,13
249,190.0,13,5.16,2.4,1185.0,2018.0,107373600,1.0,9.0,995.0,85.0,6,48165,3.0,97.3,1.0,3.0,3,4,2017.0,914.9315,6,1,1,0,0,0,0,9,13
250,180.0,6,4.86,40.0,875.0,1982.0,113567230,1.0,4.0,695.0,84.0,5,48161,3.0,237.4,1.0,3.0,3,4,2017.0,904.1676,1,0,0,1,0,0,0,15,13
251,65.5,6,4.58,40.0,394.5,1984.0,115696613,1.0,4.0,329.0,32.0,2,48165,1.0,124.3,2.0,3.0,1,1,2017.0,344.4448,2,0,0,0,0,0,1,15,13
252,290.0,32,6.14,40.0,1570.0,2018.0,105593015,1.0,9.0,1280.0,108.35,7,48149,4.0,54.0,3.0,4.0,4,5,2017.0,1166.268565,6,1,1,0,1,1,0,16,13
253,120.0,0,4.29,40.0,790.0,2001.0,115508013,1.0,6.0,670.0,42.0,5,48149,1.0,82.0,1.0,4.0,1,2,2017.0,452.0838,5,0,0,1,0,1,0,15,13
254,130.0,7,4.86,40.0,620.0,1964.0,113649526,1.0,2.0,490.0,59.0,3,48161,2.0,171.0,2.0,2.0,2,2,2019.0,635.0701,0,0,0,0,1,0,0,15,13
255,170.0,15,3.85,40.0,800.0,1995.0,95156095,1.0,5.0,630.0,70.0,5,48163,2.0,189.0,2.0,2.0,2,3,2015.0,753.473,3,0,1,0,1,0,0,11,6
256,150.0,6,4.65,40.0,680.0,1970.0,89587328,1.0,2.0,530.0,61.0,4,48157,2.0,97.3,3.0,3.0,2,3,2019.0,656.5979,1,0,1,0,1,0,1,11,13
257,170.0,3,4.88,10.0,629.0,1995.0,115593567,1.0,5.0,459.0,45.0,3,48151,1.0,97.3,1.0,3.0,1,2,2017.0,484.3755,2,0,1,1,1,1,0,15,6
258,135.0,7,5.83,10.0,910.0,1957.0,111147176,1.0,2.0,720.0,68.59,5,48167,4.0,80.0,2.0,2.0,4,3,2019.0,738.295901,2,0,0,0,1,0,0,15,13
259,130.0,1,6.63,40.0,995.0,2019.0,110630720,1.0,9.0,865.0,70.0,6,48155,2.0,97.3,2.0,2.0,2,3,2017.0,753.473,6,1,1,0,0,0,0,13,13
260,120.0,12,6.4,40.0,965.0,1995.0,111418416,1.0,5.0,845.0,65.5,6,48153,2.5,97.3,0.0,2.0,2,3,2017.0,705.03545,2,0,1,1,1,0,1,13,13
261,205.0,3,5.96,40.0,1550.0,2019.0,106800354,1.0,9.0,1345.0,104.2,7,48165,3.0,97.3,0.0,2.0,3,5,2017.0,1121.59838,6,1,1,0,1,1,1,13,6
263,120.0,8,4.56,40.0,670.0,1998.0,115623319,1.0,5.0,550.0,55.0,4,48167,1.5,97.3,3.0,3.0,1,2,2017.0,592.0145,0,0,1,1,1,0,0,16,6
264,200.0,13,4.05,40.0,950.0,1971.0,82983499,1.0,3.0,750.0,92.0,5,48163,4.0,97.3,3.0,4.0,4,4,2015.0,990.2788,3,0,1,0,1,0,1,11,6
265,200.0,11,5.43,40.0,1219.0,2020.0,115276060,1.0,9.0,949.0,73.0,6,48145,2.0,30.0,1.0,3.0,2,3,2020.0,785.7647,6,1,1,0,1,0,1,13,13
266,185.0,9,6.4,40.0,775.0,1995.0,111338288,1.0,5.0,590.0,46.0,4,48153,2.0,97.3,3.0,3.0,2,2,2018.0,495.1394,5,0,1,1,1,0,0,15,13
267,455.0,11,4.46,40.0,2549.0,1995.0,115391240,1.0,5.0,2099.0,160.0,9,48149,4.5,97.3,0.0,1.0,4,7,2020.0,1722.224,2,0,1,0,1,0,1,11,13
268,99.58,10,4.69,40.0,661.44,2014.0,115519068,1.0,8.0,561.86,38.5,4,48149,1.0,97.3,1.0,4.0,1,1,2014.0,414.41015,2,0,1,1,1,1,0,15,13
269,200.0,5,4.35,40.0,950.0,1978.0,110658886,1.0,3.0,750.0,87.0,5,48159,3.0,136.0,1.0,3.0,3,4,2019.0,936.4593,0,0,1,1,0,0,1,15,13
270,230.0,13,4.92,10.0,1210.0,1981.0,113026407,1.0,4.0,950.0,97.0,6,48165,3.0,112.0,1.0,1.0,3,4,2017.0,1044.0983,0,0,1,0,1,0,0,15,13
271,160.0,0,6.49,40.0,480.0,1995.0,107341713,1.0,5.0,320.0,38.0,2,48163,1.0,109.93,1.0,3.0,1,1,2015.0,409.0282,2,0,0,0,0,0,0,15,6
272,260.0,5,5.61,2.4,889.3,1996.0,62682101,1.0,5.0,629.3,64.21,5,48149,2.0,122.0,3.0,4.0,2,3,2017.0,691.1500189999999,5,0,1,1,0,1,0,15,13
273,115.0,23,5.7,2.4,865.0,1980.0,111264809,1.0,3.0,750.0,89.0,5,48167,3.0,158.29,1.0,3.0,3,4,2017.0,957.9871,2,0,0,0,0,0,0,15,13
274,163.0,0,4.51,40.0,1095.86,2019.0,112407692,27.0,9.0,816.86,74.26,6,48147,2.0,97.3,0.0,4.0,2,3,2019.0,799.327214,6,1,1,0,0,1,0,16,13
275,160.0,0,4.52,40.0,1750.0,1995.0,113872685,1.0,5.0,1520.0,125.0,8,48149,4.5,97.3,1.0,3.0,4,6,2017.0,1345.4875,2,0,1,1,1,0,0,15,13
276,191.0,4,5.51,40.0,1261.0,2019.0,110272109,1.0,9.0,990.0,79.5,6,48159,3.5,97.3,3.0,4.0,3,3,2017.0,855.73005,6,1,1,0,1,1,0,15,13
277,265.0,15,5.5,40.0,1415.0,1995.0,113862206,1.0,5.0,1150.0,89.0,7,48147,3.0,97.3,1.0,3.0,3,4,2017.0,957.9871,2,0,1,1,1,1,1,16,13
278,160.0,17,5.75,40.0,1700.0,2011.0,113724648,1.0,8.0,1540.0,128.0,8,48147,5.0,72.4,1.0,3.0,5,6,2017.0,1377.7792,2,0,0,0,1,1,0,15,13
279,140.0,13,5.7,40.0,730.0,1965.0,87244771,1.0,2.0,590.0,85.0,4,48167,3.0,130.0,2.0,3.0,3,4,2017.0,914.9315,0,0,0,0,1,0,0,11,13
280,160.0,8,6.18,40.0,890.0,1940.0,111274734,1.0,1.0,770.0,72.0,5,48151,3.0,113.8,1.0,3.0,3,3,2009.0,775.0008,2,0,1,0,1,0,0,11,13
281,145.0,11,5.7,40.0,699.0,2019.0,111294427,1.0,9.0,554.0,26.84,4,48143,1.0,52.4,1.0,6.0,1,1,2017.0,288.903076,6,1,0,1,0,1,0,13,13
282,140.0,8,5.71,40.0,660.0,2018.0,103202716,1.0,9.0,520.0,47.0,4,48167,2.0,97.3,2.0,2.0,2,2,2017.0,505.9033,5,1,1,1,0,0,0,9,13
283,94.5,1,6.32,40.0,634.5,1960.0,102177443,1.0,2.0,540.0,33.0,4,48153,1.0,133.0,1.0,3.0,1,1,2017.0,355.2087,3,0,1,0,0,0,0,15,13
284,150.0,11,4.37,40.0,770.0,1995.0,115077612,1.0,5.0,620.0,70.0,5,48157,2.0,97.3,2.0,2.0,2,3,2017.0,753.473,1,0,1,1,0,0,1,15,13
285,225.0,10,5.38,40.0,1565.0,2011.0,106657187,1.0,8.0,1340.0,119.0,7,48159,4.0,97.3,1.0,2.0,4,5,2017.0,1280.9041,5,0,1,0,1,1,0,13,13
286,120.0,6,4.49,40.0,1040.0,2020.0,90054124,1.0,9.0,790.0,76.7,5,48161,2.5,16.0,3.0,3.0,2,3,2020.0,825.59113,6,1,1,0,1,0,0,15,13
287,110.0,1,2.06,10.0,560.0,1995.0,89853936,1.0,5.0,450.0,36.0,3,48147,1.0,97.3,2.0,4.0,1,1,2017.0,387.5004,2,0,1,1,1,0,0,15,6
288,130.0,6,5.79,40.0,595.0,1980.0,111336495,1.0,3.0,465.0,54.0,3,48165,2.0,97.3,2.0,2.0,2,2,2017.0,581.2506,0,0,0,0,1,0,0,15,6
289,140.0,8,5.0,40.0,925.0,2019.0,112850739,1.0,9.0,785.0,53.0,5,48165,2.0,40.6,1.0,3.0,2,2,2017.0,570.4866999999999,6,1,1,0,0,1,0,15,13
290,210.0,21,4.51,40.0,1410.0,1906.0,115389072,1.0,1.0,1200.0,143.0,7,48161,3.5,97.3,2.0,2.0,3,6,2017.0,1539.2377,2,0,1,1,1,0,0,15,13
291,180.0,7,5.44,40.0,1180.0,2019.0,115509471,1.0,9.0,1000.0,90.0,6,48167,2.0,18.1,1.0,3.0,2,4,2017.0,968.751,6,1,1,0,0,0,0,13,13
292,118.0,6,5.79,40.0,397.0,1974.0,115662993,1.0,3.0,279.0,22.0,1,48159,1.0,139.1,1.0,2.0,1,1,2017.0,236.8058,2,0,0,0,0,0,0,15,13
293,150.0,10,6.67,40.0,970.0,2017.0,101476503,1.0,9.0,820.0,81.96,6,48157,2.0,57.7,0.0,2.0,2,4,2017.0,882.2092439999999,5,0,1,0,1,0,0,13,6
294,160.0,11,5.95,40.0,1010.0,1995.0,106117387,1.0,5.0,850.0,80.0,6,48163,2.0,97.3,1.0,3.0,2,3,2017.0,861.112,2,0,0,0,0,0,0,15,13
295,130.0,11,6.49,10.0,1245.0,1955.0,110313089,1.0,2.0,1115.0,65.0,7,48145,4.0,161.7,3.0,3.0,4,3,2017.0,699.6535,1,0,0,1,1,0,0,30,6
296,0.0,11,6.1,40.0,880.0,1978.0,107318203,1.0,3.0,880.0,94.0,6,48165,4.0,97.3,3.0,3.0,4,4,2018.0,1011.8066,4,0,1,0,1,1,0,15,13
297,250.0,4,4.77,40.0,1531.0,2020.0,115521358,1.0,9.0,1281.0,102.5,7,48165,4.0,97.3,1.0,2.0,4,5,2017.0,1103.29975,6,1,1,0,1,0,1,13,13
298,160.0,2,4.6,40.0,2200.0,1995.0,115277782,1.0,5.0,2200.0,100.0,9,48149,2.0,97.3,1.0,3.0,2,4,2017.0,1076.39,6,0,1,1,0,0,0,15,6
299,60.0,2,4.88,40.0,716.0,1958.0,115576753,1.0,2.0,596.0,50.0,4,48153,2.0,97.3,4.0,4.0,2,2,2020.0,538.1949999999999,6,0,1,0,0,0,0,15,13
300,220.0,34,4.37,40.0,1170.0,1973.0,115466459,1.0,3.0,920.0,92.0,6,48163,3.0,123.0,2.0,3.0,3,4,2020.0,990.2788,3,0,1,1,1,1,0,15,6
301,400.0,11,6.48,40.0,2395.0,2019.0,111160061,1.0,9.0,1995.0,159.0,8,48145,4.0,97.3,3.0,4.0,4,7,2019.0,1711.4601,6,1,1,0,1,1,0,29,13
302,100.0,11,5.94,40.0,1068.0,1993.0,113076287,1.0,5.0,868.0,95.6,6,48167,2.0,72.0,2.0,2.0,2,4,2017.0,1029.02884,5,0,1,0,1,0,0,16,13
303,65.0,6,6.45,40.0,485.0,1995.0,107372464,1.0,5.0,420.0,35.0,3,48151,1.0,97.3,1.0,3.0,1,1,2017.0,376.7365,2,0,0,1,1,0,0,15,13
304,95.0,29,5.49,2.4,490.0,2017.0,109847275,1.0,9.0,395.0,14.0,2,48155,1.0,124.5,0.0,1.0,1,1,2017.0,150.69459999999998,3,0,1,1,1,0,1,15,13
305,125.0,12,6.1,40.0,1005.0,1995.0,110742164,1.0,5.0,724.0,72.4,5,48167,2.0,18.2,0.0,3.0,2,3,2017.0,779.30636,2,0,1,0,1,1,0,15,13
306,160.0,9,7.0,40.0,1280.0,1995.0,107363641,1.0,5.0,1280.0,110.0,7,48151,3.0,97.3,1.0,3.0,3,5,2017.0,1184.029,2,0,1,0,0,0,1,15,13
307,353.0,13,5.95,40.0,1072.0,1974.0,115265492,1.0,3.0,719.0,83.0,5,48159,3.0,201.0,1.0,7.0,3,4,2017.0,893.4037,0,0,1,0,0,0,0,15,13
309,320.0,7,4.3,40.0,1725.0,1995.0,115169804,2.0,5.0,1405.0,165.0,7,48157,6.0,97.3,1.0,3.0,5,7,2017.0,1776.0435,0,0,0,1,0,0,1,9,13
310,350.0,19,5.22,40.0,2800.0,2020.0,115438457,1.0,9.0,2450.0,210.0,9,48157,6.0,97.3,0.0,1.0,5,7,2020.0,2260.419,6,1,1,0,0,0,1,13,13
311,230.0,1,5.94,40.0,740.0,2018.0,107101049,1.0,9.0,510.0,51.0,4,48157,2.0,97.3,0.0,0.0,2,2,2018.0,548.9589,6,1,1,1,0,1,0,16,13
312,150.0,8,6.35,10.0,800.0,1953.0,111362274,1.0,2.0,650.0,47.0,5,48151,2.0,97.3,3.0,4.0,2,2,2019.0,505.9033,4,0,1,1,1,0,0,11,13
313,137.4,6,4.82,40.0,636.75,2020.0,114862985,1.0,9.0,397.61,65.72,2,48167,2.0,97.3,0.0,2.0,2,3,2017.0,707.403508,6,1,1,0,1,0,0,16,13
314,250.0,7,6.93,10.0,1350.0,1995.0,107299632,1.0,5.0,1100.0,96.0,7,48151,3.5,97.3,2.0,3.0,3,4,2017.0,1033.3344,5,0,1,1,0,1,0,15,13
315,77.0,2,5.69,40.0,676.5,1995.0,111371743,1.0,5.0,522.5,55.0,4,48161,2.0,97.3,1.0,3.0,2,2,2017.0,592.0145,6,0,1,0,1,1,0,15,13
316,320.0,4,5.13,40.0,1720.0,2013.0,84243784,1.0,8.0,1400.0,93.47,7,48147,3.0,3.0,1.0,2.0,3,4,2017.0,1006.101733,5,0,1,0,1,1,0,13,13
317,200.0,8,5.32,5.0,1550.0,1995.0,106705681,1.0,5.0,1350.0,104.5,7,48145,3.0,97.3,4.0,3.0,3,5,2017.0,1124.82755,6,0,1,0,0,0,0,15,13
318,330.0,0,4.74,40.0,1870.0,1995.0,113861434,1.0,5.0,1540.0,110.0,8,48149,4.0,97.3,2.0,2.0,4,5,2019.0,1184.029,2,0,1,1,0,0,1,11,6
319,60.0,7,5.74,40.0,460.0,1995.0,111405066,1.0,5.0,400.0,21.0,2,48143,1.0,97.3,0.0,3.0,1,1,2017.0,226.0419,2,0,0,0,0,0,0,15,13
320,160.0,5,4.21,40.0,1100.0,2017.0,115092455,1.0,9.0,860.0,66.0,6,48149,2.0,41.8,0.0,4.0,2,3,2017.0,710.4173999999999,5,0,1,1,0,1,0,15,13
321,250.0,15,5.75,40.0,1475.0,2016.0,113860372,1.0,9.0,1225.0,111.0,7,48147,3.0,60.0,2.0,2.0,3,5,2017.0,1194.7929,5,0,1,1,1,1,1,15,13
322,160.0,8,6.02,40.0,810.0,1995.0,107380227,1.0,5.0,560.0,74.0,4,48161,2.0,97.3,1.0,3.0,2,3,2017.0,796.5286,2,0,1,1,1,1,0,15,13
323,200.0,2,4.63,40.0,1550.0,2012.0,112697780,1.0,8.0,1350.0,115.0,7,48147,4.0,57.0,1.0,2.0,4,5,2012.0,1237.8485,5,0,1,0,1,0,0,15,13
324,80.0,8,5.76,40.0,440.0,2011.0,94188056,1.0,8.0,360.0,23.0,2,48161,1.0,53.4,4.0,5.0,1,1,2011.0,247.5697,0,0,1,1,0,1,0,15,13
325,140.0,8,5.0,40.0,910.0,2019.0,112850705,1.0,9.0,770.0,52.0,5,48165,2.0,40.6,1.0,3.0,2,2,2017.0,559.7228,6,1,1,0,0,1,0,15,13
326,163.0,7,5.79,40.0,1274.0,2018.0,105750912,1.0,9.0,1056.0,96.0,7,48167,4.0,97.3,2.0,2.0,4,4,2017.0,1033.3344,6,1,1,0,1,0,0,13,13
327,240.0,8,4.4,40.0,1640.0,2014.0,115248649,1.0,8.0,1400.0,107.0,7,48155,3.0,97.3,1.0,2.0,3,5,2016.0,1151.7373,5,0,1,1,1,1,0,13,13
328,160.0,11,4.05,40.0,950.0,1995.0,113513141,1.0,5.0,750.0,55.0,5,48147,2.0,97.3,2.0,4.0,2,2,2017.0,592.0145,0,0,1,1,1,0,0,15,13
329,90.0,5,6.33,10.0,370.0,1979.0,106876587,1.0,3.0,280.0,28.0,1,48161,1.0,97.3,1.0,3.0,1,1,2015.0,301.3892,1,0,1,1,0,0,0,16,13
330,220.0,5,5.33,10.0,920.0,1969.0,105227424,1.0,2.0,700.0,82.47,5,48163,3.0,112.0,2.0,2.0,3,4,2017.0,887.6988329999999,2,0,1,0,0,0,0,15,13
331,160.0,9,4.92,40.0,850.0,1995.0,113666648,1.0,5.0,690.0,72.0,5,48165,2.0,97.3,1.0,3.0,2,3,2017.0,775.0008,0,0,1,0,0,0,0,15,13
332,100.0,8,4.7,40.0,570.0,1975.0,115169562,1.0,3.0,470.0,49.42,3,48163,2.0,173.0,3.0,3.0,2,2,2017.0,531.951938,0,0,1,0,1,0,0,15,13
333,204.0,12,4.69,40.0,1287.0,2019.0,112211754,1.0,9.0,998.0,84.86,6,48159,2.5,71.0,0.0,3.0,2,4,2017.0,913.424554,6,1,1,0,1,1,1,15,13
334,210.0,1,5.05,40.0,1340.0,2015.0,104591397,1.0,8.0,1130.0,96.0,7,48149,3.5,66.9,2.0,3.0,3,4,2015.0,1033.3344,5,0,1,0,1,0,0,16,13
335,200.0,16,2.88,40.0,1500.0,1890.0,88072287,1.0,1.0,1300.0,85.0,7,48143,2.0,97.3,3.0,4.0,2,4,2016.0,914.9315,5,0,1,0,0,1,0,15,6
336,125.0,11,4.5,40.0,775.0,1996.0,114848375,1.0,5.0,650.0,73.0,5,48163,2.0,90.0,1.0,2.0,2,3,2017.0,785.7647,2,0,1,1,1,0,0,15,13
337,130.0,5,5.95,40.0,602.0,1995.0,111350798,1.0,5.0,472.0,40.0,3,48149,1.0,97.3,1.0,3.0,1,1,2017.0,430.556,2,0,0,0,0,0,0,15,13
338,120.0,9,4.61,40.0,840.0,2018.0,114475425,1.0,9.0,720.0,57.6,5,48167,2.0,15.9,0.0,3.0,2,2,2017.0,620.00064,2,0,0,0,0,0,0,15,13
339,340.0,2,4.65,40.0,1490.0,1964.0,113399960,2.0,2.0,1150.0,125.0,7,48157,4.0,97.3,1.0,3.0,4,6,2017.0,1345.4875,1,0,1,0,1,0,1,11,13
340,255.0,10,4.46,40.0,1695.0,1995.0,115391072,1.0,5.0,1440.0,110.0,7,48149,3.5,97.3,1.0,1.0,3,5,2017.0,1184.029,3,0,0,0,0,0,0,11,13
341,160.0,12,4.89,40.0,1090.0,2017.0,100729298,1.0,9.0,930.0,81.0,6,48165,3.0,97.3,0.0,3.0,3,4,2017.0,871.8759,5,0,1,0,1,0,0,13,6
342,440.0,11,4.5,10.0,2425.0,2013.0,112229750,1.0,8.0,1985.0,147.0,8,48143,3.0,80.0,0.0,2.0,3,6,2017.0,1582.2933,2,0,1,0,1,1,0,16,13
343,315.0,19,6.17,40.0,1756.0,1992.0,102258247,1.0,5.0,1426.0,142.6,7,48161,4.0,139.0,0.0,3.0,4,6,2020.0,1534.93214,2,0,1,0,1,0,1,15,13
344,513.04,2,4.9,40.0,1853.04,2020.0,115573239,1.0,9.0,1340.0,134.0,7,48151,4.0,97.3,1.0,3.0,4,6,2017.0,1442.3626,6,1,1,1,0,1,0,16,13
345,180.0,0,4.8,40.0,960.0,2001.0,86701698,1.0,6.0,780.0,99.8,5,48163,3.0,84.0,2.0,3.0,3,4,2017.0,1074.23722,0,0,1,0,1,1,0,15,13
